epoch,time,train/box_loss,train/cls_loss,train/dfl_loss,metrics/precision(B),metrics/recall(B),metrics/mAP50(B),metrics/mAP50-95(B),val/box_loss,val/cls_loss,val/dfl_loss,lr/pg0,lr/pg1,lr/pg2
1,201.433,4.43733,5.57571,4.51793,0.25764,0.23742,0.14467,0.04419,4.88534,5.61709,5.12189,0.00036934,0.00036934,0.00036934
2,353.556,4.37286,5.03692,4.35729,0.25052,0.30489,0.23328,0.07647,4.7,4.75794,5.00383,0.000732351,0.000732351,0.000732351
3,505.89,4.36099,5.12797,4.35971,0.30268,0.32922,0.23313,0.07558,4.7885,4.80111,5.03771,0.00108803,0.00108803,0.00108803
